{
    "kappa_span_boundaries": 0.6963371217158691,
    "kappa_span_labels": 0.882327492969933,
    "kappa_n_spans": 0.6387145845217722
}