{
    "kappa_span_boundaries": 0.710150304649303,
    "kappa_span_labels": 0.9364599092284418,
    "kappa_n_spans": 0.5903406640793445
}