{
    "kappa_span_boundaries": 0.746453840397306,
    "kappa_span_labels": 0.9035245690764085,
    "kappa_n_spans": 0.637599093997735
}