{
    "kappa_span_boundaries": 0.772704819998865,
    "kappa_span_labels": 0.9552238805970149,
    "kappa_n_spans": 0.7716421008926718
}