{
    "kappa_span_boundaries": 0.7130083745344784,
    "kappa_span_labels": 0.9077141504969238,
    "kappa_n_spans": 0.6819338422391859
}