{
    "kappa_span_boundaries": 0.7013725441397112,
    "kappa_span_labels": 0.8962792229173526,
    "kappa_n_spans": 0.6669278996865204
}