{
    "kappa_span_boundaries": 0.6755283859776413,
    "kappa_span_labels": 0.9115351257588898,
    "kappa_n_spans": 0.6535129932627526
}