{
    "kappa_span_boundaries": 0.6635691066441917,
    "kappa_span_labels": 0.952676686125947,
    "kappa_n_spans": 0.6893031513537506
}