{
    "kappa_span_boundaries": 0.7064789674131566,
    "kappa_span_labels": 0.8114494518879415,
    "kappa_n_spans": 0.5607905769614694
}