{
    "kappa_span_boundaries": 0.8440764570967487,
    "kappa_span_labels": 0.8346950408512256,
    "kappa_n_spans": 0.7635933806146572
}