{
    "kappa_span_boundaries": 0.679553667576156,
    "kappa_span_labels": 0.8859005704971475,
    "kappa_n_spans": 0.7002061083005433
}