{
    "kappa_span_boundaries": 0.6157526387224119,
    "kappa_span_labels": 0.9087557603686636,
    "kappa_n_spans": 0.6852871754523997
}