{
    "kappa_span_boundaries": 0.6501819913913771,
    "kappa_span_labels": 0.9053886267693072,
    "kappa_n_spans": 0.5390781563126252
}