{
    "kappa_span_boundaries": 0.7539638659508819,
    "kappa_span_labels": 0.7806072477962782,
    "kappa_n_spans": 0.5722143002648197
}