{
    "kappa_span_boundaries": 0.7724024709807099,
    "kappa_span_labels": 0.8726307808946171,
    "kappa_n_spans": 0.6271929824561404
}