{
    "kappa_span_boundaries": 0.6946538774884066,
    "kappa_span_labels": 0.8519018073914216,
    "kappa_n_spans": 0.5969653864390707
}