{
    "kappa_span_boundaries": 0.7335159376489931,
    "kappa_span_labels": 0.8222124670763828,
    "kappa_n_spans": 0.6677091477716965
}