{
    "kappa_span_boundaries": 0.7816321545382422,
    "kappa_span_labels": 0.8399077868852459,
    "kappa_n_spans": 0.6196868008948546
}