{
    "kappa_span_boundaries": 0.717649213054439,
    "kappa_span_labels": 0.8769230769230769,
    "kappa_n_spans": 0.5899958999589996
}