{
    "kappa_span_boundaries": 0.7309536270546431,
    "kappa_span_labels": 0.8829309976500748,
    "kappa_n_spans": 0.692898272552783
}