{
    "kappa_span_boundaries": 0.6636412685791793,
    "kappa_span_labels": 0.9192287649817613,
    "kappa_n_spans": 0.539877300613497
}