{
    "kappa_span_boundaries": 0.5908160798466613,
    "kappa_span_labels": 0.6127986553007564,
    "kappa_n_spans": 0.5411928984639935
}