{
    "kappa_span_boundaries": 0.6236077380453898,
    "kappa_span_labels": 0.7092137415552681,
    "kappa_n_spans": 0.4751908396946565
}