{
    "kappa_span_boundaries": 0.5639971608104755,
    "kappa_span_labels": 0.7048984468339308,
    "kappa_n_spans": 0.4708994708994708
}