{
    "kappa_span_boundaries": 0.553004045432341,
    "kappa_span_labels": 0.7069878242456327,
    "kappa_n_spans": 0.4967177242888403
}