{
    "kappa_span_boundaries": 0.6219531193203651,
    "kappa_span_labels": 0.6963303925329242,
    "kappa_n_spans": 0.5002172968274663
}