{
    "kappa_span_boundaries": 0.6257954122337643,
    "kappa_span_labels": 0.6900119379228015,
    "kappa_n_spans": 0.505284461434675
}