{
    "kappa_span_boundaries": 0.5526240586509541,
    "kappa_span_labels": 0.6888226527570789,
    "kappa_n_spans": 0.3227463801961701
}